{"cameraMode":{"drawMode":0,"name":"Shaded","section":"Shading Mode"},"sceneLighting":false,"audioPlay":false,"sceneViewState":{"showFog":true,"showMaterialUpdate":false,"showSkybox":true,"showFlares":true,"showImageEffects":true,"showParticleSystems":true},"in2DMode":false,"pivot":{"x":6354.484375,"y":311.2649230957031,"z":-317.3514099121094},"rotation":{"x":-0.15931537747383119,"y":-0.233334481716156,"z":0.038784075528383258,"w":-0.958472490310669},"size":36.33515930175781,"orthographic":false}