{"cameraMode":{"drawMode":0,"name":"Shaded","section":"Shading Mode"},"sceneLighting":false,"audioPlay":false,"sceneViewState":{"showFog":true,"showMaterialUpdate":false,"showSkybox":true,"showFlares":true,"showImageEffects":true,"showParticleSystems":true},"in2DMode":false,"pivot":{"x":0.0,"y":0.025150001049041749,"z":-0.0010999999940395356},"rotation":{"x":-0.06423382461071015,"y":-0.084622822701931,"z":0.005466473754495382,"w":-0.9943254590034485},"size":0.14428670704364777,"orthographic":false}