{"cameraMode":{"drawMode":0,"name":"Shaded","section":"Shading Mode"},"sceneLighting":false,"audioPlay":false,"sceneViewState":{"showFog":true,"showMaterialUpdate":false,"showSkybox":true,"showFlares":true,"showImageEffects":true,"showParticleSystems":true},"in2DMode":false,"pivot":{"x":13.762340545654297,"y":2.243440628051758,"z":7.013689994812012},"rotation":{"x":-0.16984549164772035,"y":-0.020987724885344507,"z":0.003617773996666074,"w":-0.9852405786514282},"size":2.8148815631866457,"orthographic":false}